Year,College,Allocation,Amount,Gifts,Donors
2010,College of Agriculture and Natural Resources,Campus Resource,72583.0,13,13
2010,College of Agriculture and Natural Resources,Endowment,122046.0,24,24
2010,College of Agriculture and Natural Resources,Scholarship,222978.0,41,41
2010,College of Arts and Sciences,Campus Resource,117346.5,21,21
2010,College of Arts and Sciences,Endowment,174016.5,37,37
2010,College of Arts and Sciences,Scholarship,280752.5,49,49
2010,College of Business,Campus Resource,64173.0,13,13
2010,College of Business,Endowment,63541.0,12,12
2010,College of Business,Scholarship,110591.0,20,20
2010,College of Communication Arts and Sciences,Campus Resource,24768.0,5,5
2010,College of Communication Arts and Sciences,Endowment,28711.0,7,7
2010,College of Communication Arts and Sciences,Scholarship,37058.0,7,7
2010,College of Education,Campus Resource,18250.5,5,5
2010,College of Education,Endowment,32368.5,5,5
2010,College of Education,Scholarship,33813.0,5,5
2010,College of Engineering,Campus Resource,77102.5,15,15
2010,College of Engineering,Endowment,80100.5,13,13
2010,College of Engineering,Scholarship,66111.5,16,16
2010,College of Music,Campus Resource,41169.0,9,9
2010,College of Music,Endowment,38388.0,6,6
2010,College of Music,Scholarship,63489.5,11,11
2010,College of Natural Science,Campus Resource,140688.5,29,29
2010,College of Natural Science,Endowment,355285.0,58,58
2010,College of Natural Science,Scholarship,235405.5,47,47
2010,College of Nursing,Campus Resource,1813.0,2,2
2010,College of Nursing,Endowment,42475.0,9,9
2010,College of Nursing,Scholarship,30188.0,5,5
2010,College of Political Science,Campus Resource,20723.0,6,6
2010,College of Political Science,Endowment,49756.0,8,8
2010,College of Political Science,Scholarship,37887.5,8,8
2010,College of Social Science,Campus Resource,136830.0,20,20
2010,College of Social Science,Endowment,158280.0,34,34
2010,College of Social Science,Scholarship,239297.0,41,41
2010,College of Veterinary Medicine,Endowment,8489.5,2,2
2010,College of Veterinary Medicine,Scholarship,16035.0,2,2
2011,College of Agriculture and Natural Resources,Campus Resource,81858.0,15,15
2011,College of Agriculture and Natural Resources,Endowment,215750.0,34,34
2011,College of Agriculture and Natural Resources,Scholarship,241845.5,46,46
2011,College of Arts and Sciences,Campus Resource,165328.0,24,24
2011,College of Arts and Sciences,Endowment,259622.0,45,45
2011,College of Arts and Sciences,Scholarship,314013.5,51,51
2011,College of Business,Campus Resource,36682.0,5,5
2011,College of Business,Endowment,82311.0,14,14
2011,College of Business,Scholarship,99565.0,16,16
2011,College of Communication Arts and Sciences,Campus Resource,3594.0,2,2
2011,College of Communication Arts and Sciences,Endowment,31336.0,5,5
2011,College of Communication Arts and Sciences,Scholarship,57226.0,13,13
2011,College of Education,Campus Resource,19923.0,2,2
2011,College of Education,Endowment,58446.0,8,8
2011,College of Education,Scholarship,161687.0,21,21
2011,College of Engineering,Campus Resource,71047.5,12,12
2011,College of Engineering,Endowment,87729.5,14,14
2011,College of Engineering,Scholarship,126284.5,21,21
2011,College of Music,Campus Resource,27396.0,5,5
2011,College of Music,Endowment,63715.0,9,9
2011,College of Music,Scholarship,68553.0,12,12
2011,College of Natural Science,Campus Resource,271604.0,40,40
2011,College of Natural Science,Endowment,262221.0,46,46
2011,College of Natural Science,Scholarship,331946.0,61,61
2011,College of Nursing,Campus Resource,9800.0,2,2
2011,College of Nursing,Endowment,15967.0,4,4
2011,College of Nursing,Scholarship,52478.0,9,9
2011,College of Political Science,Campus Resource,27362.0,7,7
2011,College of Political Science,Endowment,84803.0,13,13
2011,College of Political Science,Scholarship,13920.0,3,3
2011,College of Social Science,Campus Resource,182926.5,25,25
2011,College of Social Science,Endowment,190433.5,36,36
2011,College of Social Science,Scholarship,253798.0,45,45
2011,College of Veterinary Medicine,Endowment,26198.0,4,4
2011,College of Veterinary Medicine,Scholarship,13933.0,3,3
2012,College of Agriculture and Natural Resources,Campus Resource,106769.0,18,18
2012,College of Agriculture and Natural Resources,Endowment,161078.0,24,24
2012,College of Agriculture and Natural Resources,Scholarship,206841.0,38,38
2012,College of Arts and Sciences,Campus Resource,130778.5,26,26
2012,College of Arts and Sciences,Endowment,251285.5,43,43
2012,College of Arts and Sciences,Scholarship,241291.5,42,42
2012,College of Business,Campus Resource,20939.0,5,5
2012,College of Business,Endowment,51651.0,10,10
2012,College of Business,Scholarship,95134.0,16,15
2012,College of Communication Arts and Sciences,Campus Resource,3872.0,2,2
2012,College of Communication Arts and Sciences,Endowment,11190.0,4,4
2012,College of Communication Arts and Sciences,Scholarship,27608.0,6,6
2012,College of Education,Campus Resource,9633.0,2,2
2012,College of Education,Endowment,67428.0,13,13
2012,College of Education,Scholarship,62650.5,11,11
2012,College of Engineering,Campus Resource,21185.0,3,3
2012,College of Engineering,Endowment,77817.0,13,13
2012,College of Engineering,Scholarship,122901.0,22,22
2012,College of Music,Campus Resource,373.0,1,1
2012,College of Music,Endowment,53484.5,11,11
2012,College of Music,Scholarship,89274.0,16,16
2012,College of Natural Science,Campus Resource,143150.0,22,22
2012,College of Natural Science,Endowment,246641.5,43,43
2012,College of Natural Science,Scholarship,314418.5,61,60
2012,College of Nursing,Campus Resource,6195.0,1,1
2012,College of Nursing,Endowment,35751.0,7,7
2012,College of Nursing,Scholarship,17761.0,3,3
2012,College of Political Science,Campus Resource,37005.0,7,7
2012,College of Political Science,Endowment,50432.0,9,9
2012,College of Political Science,Scholarship,72167.0,10,10
2012,College of Social Science,Campus Resource,95223.5,17,17
2012,College of Social Science,Endowment,142551.0,27,27
2012,College of Social Science,Scholarship,170241.5,30,30
2012,College of Veterinary Medicine,Campus Resource,9127.0,1,1
2012,College of Veterinary Medicine,Endowment,17499.5,3,3
2012,College of Veterinary Medicine,Scholarship,1767.0,1,1
2013,College of Agriculture and Natural Resources,Campus Resource,210619.0,28,26
2013,College of Agriculture and Natural Resources,Endowment,197829.5,30,29
2013,College of Agriculture and Natural Resources,Scholarship,315149.0,43,41
2013,College of Arts and Sciences,Campus Resource,182702.5,29,26
2013,College of Arts and Sciences,Endowment,354574.5,45,43
2013,College of Arts and Sciences,Scholarship,418065.0,63,59
2013,College of Business,Campus Resource,71972.0,11,11
2013,College of Business,Endowment,93575.0,13,13
2013,College of Business,Scholarship,141976.0,20,20
2013,College of Communication Arts and Sciences,Campus Resource,37035.0,4,4
2013,College of Communication Arts and Sciences,Endowment,68524.0,11,11
2013,College of Communication Arts and Sciences,Scholarship,26012.0,5,5
2013,College of Education,Campus Resource,41275.5,6,6
2013,College of Education,Endowment,107832.0,9,9
2013,College of Education,Scholarship,46497.5,6,6
2013,College of Engineering,Campus Resource,72037.0,9,9
2013,College of Engineering,Endowment,191738.0,21,21
2013,College of Engineering,Scholarship,61547.0,7,7
2013,College of Music,Campus Resource,39188.0,5,5
2013,College of Music,Endowment,110821.0,11,11
2013,College of Music,Scholarship,137482.0,15,15
2013,College of Natural Science,Campus Resource,203757.5,29,29
2013,College of Natural Science,Endowment,329941.0,47,47
2013,College of Natural Science,Scholarship,482352.0,63,61
2013,College of Nursing,Campus Resource,1480.0,2,2
2013,College of Nursing,Endowment,98143.0,10,9
2013,College of Nursing,Scholarship,28097.5,5,5
2013,College of Political Science,Campus Resource,29050.0,6,6
2013,College of Political Science,Endowment,65835.0,12,12
2013,College of Political Science,Scholarship,75721.5,10,10
2013,College of Social Science,Campus Resource,136405.5,18,18
2013,College of Social Science,Endowment,265730.0,34,34
2013,College of Social Science,Scholarship,333859.5,35,34
2013,College of Veterinary Medicine,Campus Resource,13559.0,2,2
2013,College of Veterinary Medicine,Endowment,51419.0,4,4
2013,College of Veterinary Medicine,Scholarship,10043.0,2,2
2014,College of Agriculture and Natural Resources,Campus Resource,151615.0,30,29
2014,College of Agriculture and Natural Resources,Endowment,125333.0,26,25
2014,College of Agriculture and Natural Resources,Scholarship,360511.0,61,50
2014,College of Arts and Sciences,Campus Resource,143214.0,30,30
2014,College of Arts and Sciences,Endowment,334769.0,55,49
2014,College of Arts and Sciences,Scholarship,390454.5,64,56
2014,College of Business,Campus Resource,26432.5,4,4
2014,College of Business,Endowment,79938.0,12,11
2014,College of Business,Scholarship,62916.0,11,11
2014,College of Communication Arts and Sciences,Campus Resource,30731.0,7,7
2014,College of Communication Arts and Sciences,Endowment,27341.0,7,6
2014,College of Communication Arts and Sciences,Scholarship,24384.0,7,7
2014,College of Education,Campus Resource,21985.0,5,5
2014,College of Education,Endowment,16262.0,3,3
2014,College of Education,Scholarship,62278.0,11,9
2014,College of Engineering,Campus Resource,33022.5,7,7
2014,College of Engineering,Endowment,554582.5,19,19
2014,College of Engineering,Scholarship,87614.0,16,16
2014,College of Music,Campus Resource,24851.0,4,4
2014,College of Music,Endowment,31093.0,8,8
2014,College of Music,Scholarship,89922.5,14,14
2014,College of Natural Science,Campus Resource,154213.0,29,28
2014,College of Natural Science,Endowment,219040.0,42,40
2014,College of Natural Science,Scholarship,493095.0,55,51
2014,College of Nursing,Campus Resource,10418.0,2,2
2014,College of Nursing,Endowment,25935.0,4,4
2014,College of Nursing,Scholarship,101338.0,8,7
2014,College of Political Science,Campus Resource,66803.0,6,6
2014,College of Political Science,Endowment,61533.5,9,9
2014,College of Political Science,Scholarship,93958.0,9,9
2014,College of Social Science,Campus Resource,75811.0,13,13
2014,College of Social Science,Endowment,246823.0,46,44
2014,College of Social Science,Scholarship,233611.5,45,43
2014,College of Veterinary Medicine,Endowment,24091.0,4,4
2014,College of Veterinary Medicine,Scholarship,12725.0,2,1
2015,College of Agriculture and Natural Resources,Campus Resource,112092.0,16,15
2015,College of Agriculture and Natural Resources,Endowment,237806.0,38,37
2015,College of Agriculture and Natural Resources,Scholarship,290462.0,46,43
2015,College of Arts and Sciences,Campus Resource,163645.0,24,24
2015,College of Arts and Sciences,Endowment,354395.0,54,54
2015,College of Arts and Sciences,Scholarship,444058.5,74,65
2015,College of Business,Campus Resource,35968.0,8,8
2015,College of Business,Endowment,164512.0,20,19
2015,College of Business,Scholarship,98628.5,12,11
2015,College of Communication Arts and Sciences,Campus Resource,18848.0,2,2
2015,College of Communication Arts and Sciences,Endowment,76896.0,13,12
2015,College of Communication Arts and Sciences,Scholarship,42117.0,8,8
2015,College of Education,Campus Resource,27748.0,4,4
2015,College of Education,Endowment,7153.0,4,4
2015,College of Education,Scholarship,55139.0,7,7
2015,College of Engineering,Campus Resource,47698.0,9,8
2015,College of Engineering,Endowment,90964.0,17,16
2015,College of Engineering,Scholarship,128473.0,21,20
2015,College of Music,Campus Resource,61271.0,8,8
2015,College of Music,Endowment,62815.0,7,7
2015,College of Music,Scholarship,63305.0,9,9
2015,College of Natural Science,Campus Resource,194165.0,31,31
2015,College of Natural Science,Endowment,311055.5,54,53
2015,College of Natural Science,Scholarship,447992.5,63,63
2015,College of Nursing,Campus Resource,18901.0,4,4
2015,College of Nursing,Endowment,80285.5,9,8
2015,College of Nursing,Scholarship,40816.0,8,8
2015,College of Political Science,Campus Resource,29305.0,6,6
2015,College of Political Science,Endowment,57186.0,9,9
2015,College of Political Science,Scholarship,61313.0,10,10
2015,College of Social Science,Campus Resource,228016.5,31,31
2015,College of Social Science,Endowment,336735.5,50,46
2015,College of Social Science,Scholarship,267863.0,40,40
2015,College of Veterinary Medicine,Endowment,10422.0,2,2
2015,College of Veterinary Medicine,Scholarship,27290.0,5,4
