Allocation,Subcategory,Amount,Gifts,Donors
Endowment,Diversity Fund,2656506.5,351,335
Endowment,University Annual Fund,2492738.0,383,355
Scholarship,College of Natural Science,2106294.0,308,280
Endowment,Trustees Fund,2011415.0,344,323
Endowment,Faculty Chair Endowments,2011067.0,335,318
Scholarship,College of Arts and Sciences,1889319.5,293,259
Scholarship,College of Social Science,1531583.0,232,208
Scholarship,College of Agriculture and Natural Resources,1241065.5,214,191
Campus Resource,Parents Association,792720.5,130,127
Campus Resource,Honors Program,763594.5,119,117
Campus Resource,Athletics,724038.5,116,116
Scholarship,Minority Scholarship Fund,700149.5,116,111
Campus Resource,Campus Museums,694474.5,112,111
Campus Resource,Alumni Association,691942.5,115,109
Scholarship,In-State Scholarship Fund,682917.0,119,116
Campus Resource,University Libraries,652094.5,109,108
Campus Resource,Campus Recreation,594187.5,110,108
Scholarship,College of Engineering,481830.5,81,75
Scholarship,College of Business,359000.0,64,61
Scholarship,College of Education,335857.0,53,49
Scholarship,College of Music,311818.5,57,51
Scholarship,College of Communication Arts and Sciences,310261.5,50,50
Scholarship,College of Political Science,297809.0,56,55
Scholarship,College of Nursing,233384.5,33,30
Scholarship,College of Veterinary Medicine,106688.5,13,13
